latitude,longitude,epoch,orientation
-17.9824301119995,-23.9446927353032,1594042820.42526,35.1816959139519
-85.4562712719232,105.598007989451,1606428903.21449,93.2717128116683
39.3190117114848,116.385517549173,1607219846.02832,137.89046124406
-55.7328184929754,89.1001205471039,1594268862.33362,-155.789567755658
-4.71004571491986,-21.3417100734819,1589812705.88089,-42.6340209615143
59.0990218905175,86.0901176686565,1582504254.12292,54.1905751142988
-36.6428780244308,-140.936634242873,1602397184.6109,-115.736233114799
6.25572086568366,129.79672591941,1599266399.69137,-125.008072754927
-81.0650281306435,-35.5431369377493,1605271169.05719,161.213289238043
-68.1387268691892,120.541406993952,1598525359.56542,149.931396680859
3.55470649372999,13.9200786212626,1600860395.0564,-19.6106634502063
-17.1670934243709,61.3107744778204,1585277347.85157,-117.018845181122
-75.9123528224592,-101.611637149094,1607131405.39113,-52.0949570951612
30.5979932057692,-127.864033731563,1586818871.3362,101.387551411398
-56.1046981526378,-121.507360418153,1585672736.68294,160.61432291166
59.8452379939846,-66.048248843242,1598361360.73746,20.5588010900277
-12.362524048945,-41.5364130166475,1591529775.70148,-49.1765790889583
68.6427062846998,59.1889688491309,1599794820.94911,-128.397570847069
36.9987954895264,-2.89853902451725,1601145170.66338,-138.905673435108
41.4945323655202,-136.57479559311,1608837601.92629,-151.456690983043
64.0835605381789,-72.5719588829717,1578720184.40542,-111.390993178954
-40.69124439162,105.343560866818,1600689426.33446,-130.218903719666
56.0835896020465,62.7803560149709,1580857563.71051,52.2714137951343
-19.5290173792138,5.34949449617139,1604884818.26438,4.45071761823698
-49.3808877172436,-171.729203747194,1596650768.96438,51.1184979786126
-63.4368001946116,172.10277669973,1581811310.59521,-165.559665496168
-19.866061481402,-53.8512918829642,1590623367.92338,-158.961397053349
27.7597884051415,101.308897850863,1608102445.80866,11.8733243622455
80.6909270052703,-174.813901813354,1605650174.60294,-34.4805133371385
-72.3634843865866,-118.089615421707,1587061925.01132,82.7506841356824
-5.63012371216516,48.6406521738002,1595995322.58541,94.9379947714572
-15.5861364696245,30.8576083000436,1583605804.85411,-81.2069441674503
-43.1137264310061,-1.39564603626391,1590545457.86671,94.466956869066
-56.7786881119498,-103.071706341288,1588569276.7742,-6.63421163540849
-80.231363935579,98.4913200305864,1581360439.80345,-11.3647310108589
43.1386966870896,145.269435323748,1600108515.40791,-119.134047223416
-88.8301537299564,-47.0836369017986,1599159291.38085,-100.927898999124
-83.2768588862528,172.606880755099,1590782503.94676,176.810937343072
-79.3156452439367,74.7930443863043,1591102872.6077,59.3004554334472
9.20409465927038,7.52308671741332,1592411356.7164,-57.1530831742457
-2.06179200057073,132.91357991607,1586981120.17567,-81.4898980129704
-73.9689544531361,171.493844753743,1584950164.82703,167.369771801517
-76.4811949047532,-104.322109859437,1581877281.71889,64.6307162703512
0.923556264880474,-1.76291797180255,1609119612.10596,-126.348105798212
3.70398237898792,177.168147097764,1589099649.90842,-166.255433992312
0.197091699204023,130.797284510479,1595314349.15716,127.978333604929
-5.54848282967004,-47.932656459293,1590248338.8842,-153.252960752521
86.914207855375,4.6107543216622,1594684834.58926,171.56071985355
-55.7030774152407,123.395495088124,1602757436.00199,-132.956821983057
64.1338764242256,-120.228129818987,1583964684.3509,-61.257370808821
-74.8833621516455,-99.4933004814991,1602088294.97539,-114.284696007581
-83.0392001836989,82.7441996111577,1589394317.97348,-136.13663059984
14.8367782189027,-77.1681289001314,1578657101.9907,102.081608569601
74.4251701318941,78.8280371997117,1599563189.74998,-134.475306291354
22.0606554071075,-112.050274404512,1585806945.03742,-113.155420035269
-36.2536537644822,4.39110664859561,1581012745.98452,-63.1988989642256
-87.3300465373151,174.673742215325,1581635556.5361,165.286685926101
-41.4077629390952,149.310223516924,1598543066.04195,35.1789579904595
11.8800174383049,37.5572779043239,1602860860.51642,-170.694841801302
-39.8500539924854,158.935428670575,1606573440.99988,-98.4284502354254
52.0269492365232,125.007170727779,1599693900.25645,-40.2394532996644
-12.8444530080083,142.383516181312,1601338302.57671,133.219248386043
39.8456218882797,149.315770719278,1590619268.08332,102.20942501742
19.4719756772006,-164.429167297499,1606229628.44632,-128.444408320333
89.1257501373572,58.7711814252388,1600710109.8342,-0.518466013488791
13.323757908968,166.358599983571,1578628910.67513,-15.1489715605077
-42.9989186190019,-148.788340096754,1607651688.46658,16.4283322975859
-76.4882713462703,38.8713785332953,1602619235.85103,50.0350709070259
-44.5870672594265,114.339146978623,1604818680.06924,-164.080796516211
-59.2224527265315,80.76622287563,1588053785.0357,-61.6268145095991
61.3592023853448,8.39414421585786,1596075055.66835,55.6388221062739
32.1089492493577,-96.2097736747703,1607010049.37095,57.5879147061812
65.1847749049487,81.5032681365744,1607582602.38167,-23.1057832859559
34.7854371050659,-60.6702607970867,1577998395.08353,-71.3546778298146
-32.7315223874398,29.0220566925754,1588024368.66546,-81.2697536828405
20.9020707147878,-38.515652325111,1579122820.27808,-174.281968902149
-3.28448272873575,-59.7350011080538,1582153511.75716,-135.221590212831
28.132754538207,-78.4317119182446,1608239464.05066,137.248789741454
3.88247643194893,30.2999264388958,1580275725.24946,-112.7961365816
21.7492751243817,92.6631760645969,1582789598.72946,-60.4566453433962
39.979492121395,69.9573553104805,1593764621.10538,-23.1510372907163
2.35787510496057,-177.563831690399,1591831102.42106,132.274720886822
89.863956120154,142.255943411724,1589695358.29929,-101.408195580229
21.1923807717454,-91.8959449764096,1580361911.43885,-152.321363388884
33.1001500380537,67.4102937979401,1598822505.00946,-172.381204315893
5.55731446706119,35.9408661890328,1586721289.85609,-150.22743299716
3.96475426649951,-24.3233383627014,1608893899.85038,48.6419896736269
-78.2596328137084,145.802115459098,1586213770.01385,91.007526285169
-24.1966611766411,134.781518414708,1594831881.47723,122.917707985487
-47.2128721721982,-78.5374168658088,1591479847.41104,-101.332840068
-47.2532520274823,-165.762843516191,1604968800.61346,-111.853726698614
-69.0151201865051,23.4863515541781,1592511365.6831,-92.6453524417692
-19.1645975701822,-62.0138837036081,1584680160.94602,-126.703557892077
14.0653487830283,150.782144885401,1589583993.68503,-35.4957119526467
81.4037909013987,-109.486251084064,1601662846.12981,144.162280257076
-45.4183500533021,15.4245209502277,1595474355.01216,-107.48241934028
75.0900959561005,6.80746644258878,1582823308.78345,145.023211853323
51.0041282790018,118.34155876926,1583948893.68286,-160.130957516898
84.1319939273321,68.9674329554481,1595365768.72982,130.009889390178
48.6495966498379,-108.873737015073,1606129090.0022,-170.897656390731
-48.253032217236,-116.858295132437,1601664183.97785,-135.744974954058
14.1754113343421,75.7134559893126,1580388544.65602,-165.318819539599
-22.9871752551592,84.8192717552285,1590255481.09508,-80.4243735276173
23.1624140277495,32.9444777011712,1581357789.31399,69.3741985995042
81.8270719912635,167.153287074052,1599950716.91983,-138.748650346198
-72.991372440231,85.6889017813528,1596975977.22015,76.8235487180794
61.1365571809264,163.536924527846,1589177682.03331,163.153318447578
19.6062646307349,45.095131915734,1583073717.32441,47.8633971673371
65.0816600372872,122.882349616502,1588265157.84209,-62.6341268573168
-28.560726740441,-106.238108650768,1577966989.46116,32.2028703616604
73.0028964397739,161.031432157407,1592895229.98647,-108.343047599299
-78.2415284000291,-19.0722768495399,1580359105.22606,-7.71731468407586
84.7243925269824,131.603645538039,1579179112.06921,-84.8174257668401
-56.9768649095185,-174.365424207914,1608846192.00141,102.233890845364
56.9384742527515,38.1452011096432,1594155615.24615,96.8866597670498
79.0074217195168,47.1193178492612,1586591423.83373,-86.4736681680944
-67.1408097470363,101.978606543248,1578306912.90053,-30.4107507480341
-48.1038259818342,-106.210050835982,1590158177.97939,-54.280566282029
-58.4342396373473,-94.85427176941,1583868281.25785,44.7053138168552
3.71352323464288,145.366719187381,1579548970.37479,-34.8661742976433
89.8275080388682,65.2970382250078,1600635843.0002,60.5929314718727
78.6255821580186,73.0521665304877,1591851494.02073,76.9789785132815
-66.0665248574554,35.1637716880209,1596023047.63153,114.111178649489
76.8872372463076,-79.8102340866727,1591639773.68706,41.8042733804383
-14.0306829017646,-46.044190027694,1580133291.6062,-128.772776798951
-39.1370886259615,99.6120903256195,1588846066.46071,68.0562800574552
-64.3808959728702,172.613269018381,1601354492.82565,19.0796321251877
31.976697770345,56.2725362660236,1578505727.90794,139.232530001016
12.9243823510297,139.545876418946,1603021212.16481,-158.716634639346
-70.5904776639127,-67.1106614132189,1584328984.61094,141.159867814195
-50.9924307651313,19.2345471448503,1579248386.90413,-52.9101961880493
-16.1631065308903,76.0350956491014,1594253709.43921,76.2128291395638
48.5552604791037,-140.855085258317,1590483304.50799,-123.568563332925
21.8587090916144,34.6096158383988,1590877409.7534,145.529364504063
-68.4468494041372,-13.4241085818155,1602624045.1695,-167.119751341222
-54.9266796959803,-125.028068114359,1605438036.98341,107.985828448424
-63.8858284733061,-144.145533342734,1599693106.60184,101.361857220712
43.0181013868125,108.312147474878,1593519189.24987,45.0506907785626
-31.767977182572,165.818720436224,1589404598.86938,72.234926374821
-8.58532826218888,-94.7001519151334,1594718993.11212,18.1155517948839
-5.44225098340216,-168.972419856558,1582752895.25881,-122.28556503288
84.7579798467035,-172.404318854165,1604801840.06225,-23.1325340251641
43.2630180271883,-40.3099767557992,1595452568.53878,-139.15206771336
43.4097779652878,-123.355505001673,1595605826.56334,24.9715917650934
-5.81617884720222,-122.347438318771,1600327163.55539,-148.066529281309
2.53337445325579,19.0949160971988,1600990450.90729,151.327433790617
-41.1768310251677,171.894851249813,1587696959.94021,-120.188069897021
-58.8298261903814,-45.7122269064149,1602513795.09594,38.9001354722143
73.6707353137493,-148.430224092486,1593210019.92608,168.045688908497
-35.016308282603,60.143222637549,1597602685.29666,29.7587531761914
-75.4110069986055,-102.065552872777,1582559624.78482,-131.585473022208
-75.9601600370065,-133.0144456186,1603245448.11188,26.8611710807745
-62.7332008355449,-91.6720618635593,1586194478.90778,18.9691649844292
-1.4221157932935,1.10340102467202,1602496881.8267,-27.9891203162574
-85.0096392082278,175.350240372294,1582046374.01482,69.5111205874709
72.7793579941612,45.2997498637421,1602252533.08196,-102.433587781324
86.6742813508987,97.2887367907294,1582397337.60102,-147.615277994639
-83.2406660357831,-76.5763176387532,1607398741.59317,35.9379524947852
-24.5817693000731,160.132864593065,1603416963.06955,130.601210381896
70.4063356876623,-114.330273082685,1597605822.71213,-86.887253357583
52.3926447512366,-148.276583014907,1578610842.74281,-58.8786955232026
57.5175465465749,-119.547598153624,1594893329.05188,168.315114913324
-82.8038166178481,-51.2464282348091,1590837582.72464,-60.0301878211638
-23.4878384646581,-62.5578637066972,1590938325.62182,60.6506220118505
52.8415362352171,160.117473204714,1595595767.50427,54.148673489718
30.0085343840626,-173.201191208412,1580834362.78708,-25.2922125900349
-76.1310809661324,73.8144437824043,1587735872.18141,118.378418592926
12.1182993570659,-179.561000438296,1601068461.55654,-130.13825903873
-73.6990011341013,62.1484270223947,1593627361.13696,-63.4880982086987
-54.079369405179,110.198393270795,1580322068.62128,52.6827748892928
-71.7151510925007,87.7987401708389,1599561634.52843,-79.9847269648391
20.9048700433411,-86.753913439592,1582320082.77318,124.802102454381
65.1896970533039,-37.0347596485182,1588350324.40831,27.1717997846812
-12.5704068236853,-56.3513515458885,1604585636.06629,-87.2494913111036
-7.85979052161881,-89.6590778062911,1594013431.78531,-145.632600919965
-6.41384221400604,-64.8849699257447,1600060931.04689,-105.105981867185
47.0815843260275,122.372952065058,1584993768.74081,-155.110269995196
-34.5368019934839,77.6749071703398,1593065186.29208,59.9446418913671
75.0612342726041,-17.1662383772515,1596102123.48152,-138.017233293675
21.6523687275976,-49.1183485774331,1579202764.65588,-6.51212304749333
23.3192362451784,165.39424249968,1609195279.29064,-39.4644195378502
-33.1071174476582,85.5239533884395,1582299593.57973,4.10726654589419
20.9617223629155,121.392826273062,1602079774.24403,-7.40897870658998
-27.4466411982301,77.3226884170658,1595738275.90089,-176.981936491324
55.2260676725407,-72.8671657982836,1588223533.17052,21.4757832016406
-21.6540974764076,178.287147987743,1596144470.87141,-64.8904781680484
-14.5875560621893,-144.966480199678,1589537766.41053,-120.889557763606
36.424180838959,-108.381801154224,1589376257.63046,21.743640891542
-63.76519484554,76.0194589350419,1590733755.58296,-22.3654093416468
77.4927180397023,-103.463148826795,1598663911.04178,-10.7718008210026
-72.1598207781597,69.4603720113959,1599293514.70269,-125.323403374423
88.45370861033,-119.886140182556,1579678828.24756,-175.1515696512
-50.6366969265074,173.213799839907,1582751646.96833,-171.597766510066
-51.8252473932283,-5.91168571686592,1593460097.60776,56.2747274084076
-5.79012844875658,115.955219866726,1607510933.91631,98.016700737742
6.70231846534998,-19.4676864377806,1586642198.88975,-144.231518544
53.2029961093523,-80.2207390828508,1605963661.84316,64.5110770020734
-82.1010727391679,-85.952358608547,1586460703.69242,-7.1712704188943
57.9880202469108,150.340299050516,1604915202.79233,-6.50848104568703
8.89594546941451,153.094055309852,1597229782.15517,133.562147230772
-72.5014414969512,-107.071894170862,1605448096.2672,-141.630345087309
-58.6999199956006,-89.6378196143221,1600559808.0034,145.794703720756
46.7872395775344,-142.082368602642,1598880501.75152,-77.7537683703364
69.739392309586,59.6867039339194,1608862825.21754,-25.0963359104492
33.9436921633955,-14.1152577351361,1586085092.66069,-151.45362684617
-66.9077964331008,62.818177881415,1599698621.85046,-125.753816985562
-70.3450423396757,-121.53757565489,1592946387.35059,-50.8529335655026
27.8926443256648,-94.3172862677074,1594167355.18587,-85.8308062304832
74.7039260371823,-51.7664119996495,1579469284.25487,-25.0379420522432
-29.9579863560475,161.324162225024,1585114954.1086,12.5976987980894
67.5272409611935,98.416551771356,1601995053.51991,9.76606066501697
31.5949789636114,-51.6616685459939,1599993497.14951,168.814069060393
-43.9024449036444,123.620026228871,1581805123.95938,26.1599499277047
18.4010509927013,-132.43105193863,1586939592.67051,-50.7614981995182
79.8007411376075,62.1508597098969,1605660706.31766,26.7381921401879
5.08498751559593,-50.8972253185973,1586074516.72263,-47.4436159460612
-51.1498205126774,-85.8778898153025,1603509637.88399,109.513977195424
17.4443007909474,122.954910660593,1604161840.79824,103.885326932763
-22.0927698584224,109.45969343321,1581088101.87701,-176.77177297838
-21.7562968923277,136.763947099995,1605665104.74992,123.841259137267
69.8822385589097,85.3120842432952,1601983877.32723,99.1876443812888
1.97358524550407,-94.2095339868714,1599690464.60351,147.652105386782
-43.9361573862318,130.270925285675,1599599198.22682,-11.6587420719595
68.509416569153,-76.626644099448,1594349291.05416,-61.6381386608601
-34.0615431812989,173.98160205159,1583566158.48797,109.752516174314
69.8920399142664,-166.218313621506,1581018215.60059,-22.8878011589759
-28.0722474081449,-71.6689580136669,1590702794.02455,-146.389045713697
-51.1039131940514,114.589184313405,1595871920.52972,-103.186513182453
-4.62355120991276,-3.63439574570324,1602229018.79436,5.29925899798732
-78.103200338579,71.3407869968639,1584164560.0993,-138.083903256117
72.4052535601199,154.669368760353,1604843375.42425,52.8676103803778
58.5792426879455,-47.3604683934117,1600636148.75858,-122.222775135122
-46.3645340473711,0.546354372593697,1591470329.62577,24.812417527103
38.2718539276178,25.6460098069335,1600904045.12837,135.819758908363
44.12239178714,-132.85777884859,1584027529.08463,147.380693083411
-34.4302375159456,72.6886579807507,1594499293.25255,-1.92581477606407
1.00284680301709,58.4887717532348,1607918176.2978,-117.149570316007
2.46668093415279,85.277345794308,1608495456.04187,-163.823594328534
70.8055954721737,-91.6453651584139,1606027110.96236,178.207347303018
-8.85832127937698,66.445379132336,1604746902.21842,-108.189891935691
-33.320909533594,143.28827551617,1580486912.54661,-157.674086299002
-69.4074130394043,-26.5151136115928,1605217362.58534,171.666331580694
53.5887591898146,179.80410035378,1605498129.82977,-48.3156511862003
-79.4048433615101,-36.8976045463791,1597735113.87537,-66.7451211439923
4.47850685545669,84.9565831170192,1591659187.57051,135.513874656196
74.8101186754495,-126.932952755296,1604900269.28612,7.30503351346414
-26.450283413694,0.773808276675965,1597501407.50048,-119.080568237114
-88.8001720766911,-10.1231842218127,1582795691.63475,-54.776712092673
51.6215834823349,167.12150847889,1587732316.49205,154.905115615532
-64.2323074229244,51.2895045461916,1601214573.00271,94.4323132133767
-21.7229130870248,151.278369598181,1608491254.19566,157.920413929207
84.8099127223057,-144.132938317879,1608811780.4491,57.5578203385018
-63.7252353969435,128.163883907726,1594019920.62078,27.6222734849926
25.1189414568186,-171.374485529437,1593126112.86886,94.0914876971602
-71.1698538164803,43.7945550479829,1607995523.162,100.574133154476
-20.7951510907858,168.087181683625,1589557119.26382,158.386216533479
-47.4592069560765,82.3744162709176,1607840358.76245,-37.7455693370092
-47.556297989484,-76.4271779089505,1595564081.97084,-89.1363653887925
-41.151190140346,51.1026900110111,1602170122.83184,41.0289587248306
-78.6380063148462,-51.5776722886697,1580894654.29922,-172.363886084819
36.1192369559045,153.068310601286,1585387696.39117,115.474351877215
56.7968761735379,7.13686294194326,1599431591.74788,-174.628968307196
56.5905158627739,160.972014740263,1595452683.00076,122.38438150927
4.71358602439167,-23.3027568638292,1579465495.36946,0.5429443693113
-44.9791918675379,151.673453398519,1599127016.25011,-129.64397931873
55.8885564627172,-72.8867325384917,1588392436.04226,-2.11203901712443
-4.15611417331809,-162.756807450402,1583007374.07662,169.684028716526
59.938879421825,-28.9914203568923,1581554978.00883,-13.349099388082
59.3267450539049,-21.6061549888016,1578411478.92684,-77.4737533197014
-6.11889758033341,60.3763494526116,1578301225.22078,-23.1752496460605
-42.218777554499,129.076515595911,1608129625.06929,24.7369956403487
46.1016382805125,133.86275594046,1604939580.40962,-50.9163380174807
77.5436006153418,62.7730778668064,1590869018.56389,-67.2951607217751
-6.84847398317497,-27.6856120927393,1591409458.01308,-8.45073723923889
-39.6334010483696,-157.604042455383,1596636221.92086,126.325255129665
-6.335993053777,-68.0102277868538,1604609211.46976,88.8618256052954
2.79610076798491,141.58670713173,1595632934.05185,-137.905344736159
-45.8666649927524,-32.3354934140235,1599624979.71312,20.2290867283053
-79.8620482887702,165.767342814349,1591728681.14367,-113.33202837192
83.4955156570221,34.4640723974565,1592690010.90249,121.438794613722
-26.2326344935352,106.011843650912,1594206366.21254,136.147933591169
-46.5191233392132,42.3277308917179,1581607118.2769,31.5890076632024
12.3009813484359,79.2169922063574,1601513855.57358,-9.17717452000025
-14.1042138124616,27.2060369518617,1583799378.22047,95.2037139057148
-24.96827077783,136.098228551723,1584132600.9548,92.0592547070325
-78.7925504729739,-95.1650191553729,1599528653.53073,13.3088124590512
52.9435779690093,-126.219684381837,1595380371.73348,-149.569701879244
-70.6095026555395,129.113223050085,1583166320.65864,-26.1217581399809
-49.6461509023858,-21.653082458167,1605597305.04447,-108.541360937738
-56.3866941274888,-42.1855046428559,1594681123.59503,-171.972005195867
64.4900351672145,96.7584919136293,1608103375.90897,-129.111329070228
64.4549409006205,-12.7917723726787,1580021426.71924,-28.8640025589964
-77.8705127291337,-67.8059240449938,1601538452.70193,172.989168825481
49.0316436671512,71.6703305447263,1589642957.46529,70.5554908511003
-87.1117758573267,-49.2717664444547,1581293207.82064,-116.523793206298
25.0267781788259,33.5519772674397,1601123495.33633,130.809667791938
-72.7675269201855,-25.3072608611262,1585732503.32065,79.3313040112465
52.2534162368912,3.24026189918482,1599841574.25777,-63.0773546832877
41.2044504916784,172.160739505454,1601830104.08409,173.440528143991
63.7628256961657,-145.906473807423,1592952277.52783,-162.843274556556
52.4416064299637,153.134514217302,1598208405.22343,-82.9760145156673
23.9984108085296,-134.008348039209,1589050039.39021,-174.126956018236
81.5803419509515,-141.877460300341,1584803692.45277,68.1157206928081
63.2538003248274,-33.0906141906084,1587595863.1291,157.725822954686
-13.6643651419364,83.8444397161263,1582451006.16481,-97.7670553463134
71.0208200101813,-19.1743924741443,1597232074.33277,112.19711289512
27.9193145763224,-137.031290620939,1593493853.21573,172.577619937131
-63.560100164349,90.5554885544116,1596441976.10621,50.1063255047938
65.9927852493415,-96.5348125512584,1594868871.2515,71.1153408666186
-41.7064024923433,22.7017791644953,1602349636.4154,-42.9960851332183
72.116974274632,-119.175836823845,1599382000.40501,-154.001896989598
60.4285824886985,147.130003165737,1578667406.89009,72.6840233734025
13.9614631731122,-99.2856128959167,1596244562.9001,-72.8034733482342
-48.1519108404367,47.9167346613493,1580584179.909,-94.8273561624455
10.3738097953466,59.2795293074196,1601657198.66943,160.345127884702
-0.537091365794296,-95.5258289314643,1606687966.91989,-103.901501533312
7.27592286597189,-82.0269045510368,1590369526.48782,165.328463560032
82.0956372321306,120.814821848124,1597007408.31448,-69.6039715064903
-73.7054127425146,-105.565204040709,1590169552.26539,131.71512916799
-23.3728323322385,-96.8866724671047,1579041526.17151,-12.2363417132904
25.2453062654669,-62.6816038781669,1584409597.28438,161.953295989325
41.2771851833537,52.7082217566706,1586383026.06929,168.239259750193
-74.688926618903,63.4586996264473,1579646022.87246,172.881689722934
-7.35492829614401,128.412490280112,1578159321.92564,112.364941201464
25.3176672883363,-7.67585762710201,1603097896.09689,-102.078856616748
-17.1361987001812,-141.726834180816,1603578394.79999,99.4914145879405
-1.25542939082726,-121.157386748828,1602548652.30509,73.9272080260806
-55.4883265467288,-109.950400009829,1583818862.23617,-179.311849639808
-76.039527828168,-121.459654596271,1603922099.30226,12.1252524872207
2.21490798751057,52.8619606582048,1583426804.07244,-138.30731921171
-78.8760792923529,8.27481407493187,1592817979.90573,-112.675808542949
-22.08367486994,2.87147277255769,1609346849.30099,35.6665992012082
46.2362948249267,105.698046615093,1579039493.78852,57.5259638004448
13.8878240490451,-74.9498958942432,1588085821.87218,-58.6784122427765
64.1525621239534,31.3895178871423,1588499328.40831,-168.254990257581
34.2952201279483,99.2732583308608,1607689835.39117,-132.162842043877
-51.1669193117894,108.091053971745,1582743445.39871,142.51158726814
-15.3475515558277,-173.285196841683,1579317936.398,6.33520412590852
-64.2511051390304,128.92048371328,1581848746.32651,0.839699862334498
60.2855851786836,-165.791245572841,1581611648.3697,81.9574264000321
81.1377778160349,-83.6657981048677,1602629160.95924,142.318602763851
-79.1279610332006,-67.3988745382475,1581237916.18121,-39.8473844512389
-75.2670985382695,172.516344607455,1585013016.57944,-86.9243643375481
21.0988048598368,-30.1234664911269,1608273209.34314,-91.4261937279552
-67.5424916627353,-9.84505870878465,1599812272.75824,44.3009750502839
84.3351237184926,115.558213730091,1586821506.71147,-77.797053636678
-44.5662649465892,-98.5228671380283,1602955579.4188,-65.8824749735377
2.31275966637395,-66.630784182591,1605395787.55023,-178.429951840478
-18.5182997038532,134.172393359397,1596460663.90931,-155.868592316651
-29.9380204042141,-171.380730212394,1593247269.39465,72.1601444380892
-18.078770231476,-46.7696199438969,1589534793.1371,146.596893026908
50.763351341444,-49.3358072378077,1582165308.14894,-114.048084695515
42.244877945569,49.7650454485597,1607708595.80707,164.469261831371
-18.6524972052615,156.286126488313,1582759869.49893,161.540552313075
-49.0049351477029,165.376166210917,1590648499.18446,-174.053966914081
74.0514571595973,-128.024909244961,1607290535.50195,-57.7377949344993
69.8772425706783,167.923150323255,1601280678.75351,-103.196586234407
84.3607543494649,25.9134672104507,1604498421.65524,-121.659042514452
89.7472578454856,153.853386968082,1582610187.03339,-111.422142261626
-39.217953279846,-21.3811228481777,1593048445.41526,65.7754223429261
37.8579512560751,87.113270360087,1604438124.25733,44.8713744289502
55.9585051675587,-30.2453801902948,1597036609.3886,47.8329777738601
-12.9695033145151,-40.8090701191889,1583603538.92508,126.944287180333
70.3219874148292,88.4387510404646,1594199084.16444,-86.4287332289646
-22.8803532409965,164.032076427522,1608726541.79051,32.6841126343375
19.8769661594142,-80.4562400847223,1592505349.19568,139.072123926205
-60.9544330252176,-123.285318073716,1596052073.4478,-114.020666579313
-40.9234002156701,12.7948795925487,1597677235.33891,46.2374977467512
-19.1663274669519,131.719638227893,1584811097.71089,63.7024688463771
-19.2534321306216,137.684364404984,1602302157.09281,-108.51195429822
-28.5770649415065,33.4910564518993,1601931608.41827,61.7678150341604
49.5780834560473,86.6072301326284,1581824620.93163,-44.4046350445919
24.4959046042135,-151.500654653213,1604197109.2418,-106.345176287976
72.2046210000058,-33.989285467586,1582639123.73943,-84.5790866359075
76.7669211737655,-152.598633038469,1609093950.01543,-79.4907335705008
-7.37432993499519,-88.9369751069889,1581613701.33145,-37.58022567288
-62.7296755094395,107.98786299183,1594078319.20369,2.53562763614244
84.9137442696499,-5.24468738443827,1609144744.65474,-107.292202939771
89.5292980688128,-74.6962622999784,1592939634.30879,64.5343574740462
65.0736760057797,14.1101959270878,1596831558.58821,-119.09203121635
77.5632161121365,-157.081935562552,1587681378.01408,-147.235465696275
21.5598018187784,54.3847987410422,1579604343.8143,126.724937919363
-82.0165371584456,-41.1701593162005,1609255996.12351,16.5600320799632
-16.785971905061,31.4770314676622,1587052948.0931,-8.59858511152277
-41.0586904861672,-19.4637543125165,1594480130.67689,-39.2435481236534
70.2782338957371,26.8325799291408,1597485437.69796,-56.0013845430016
-47.3570195533375,104.955334159019,1588647921.37373,154.758595184292
57.7378300182006,90.6395662101085,1592065662.169,-132.158299924791
27.3828644215193,-0.159254496543412,1607544855.06864,53.5445280259693
76.7355808862792,-32.7040972909054,1583044834.54332,106.743046696536
75.3087751100918,97.0414099937258,1579057946.78612,51.5877829481091
7.89874424778455,103.360933064017,1592684125.36337,-34.1146944217564
-73.3811126358835,-169.0186895603,1598837822.04618,-126.132926111614
39.4391404607417,121.555114590294,1582900283.95537,110.391934417447
6.32697070484295,152.239837988525,1589916145.92765,113.392187329463
-23.7507772766153,-165.592293838027,1598147752.85451,-75.231613906796
-86.0853890920285,-120.37161275186,1585896019.41483,164.467708453122
-83.5401326431252,4.4422864274085,1605628204.18794,14.8135421928108
-76.4734984855016,93.9615925074222,1602124107.69756,159.62673422148
5.83257536057349,145.94607454547,1598330385.72927,63.3506084770491
-22.965725411104,-152.958449975753,1607829011.98696,-119.185832633791
63.3567989186246,-72.7261548253736,1578756426.22906,-129.845898946151
15.9821839900099,41.0941874946099,1595637231.59682,-11.3821174947016
89.8242574083421,125.148176213521,1585678096.43316,-25.5288795422319
78.4323643498158,11.2013447972844,1581481556.47264,114.591752091216
1.7847469234559,-134.756186077549,1583532542.75411,-138.413002186936
29.7195566827541,-146.663828052766,1597311772.90089,-80.0734419822208
35.9137599695637,-78.5365533642533,1583785116.06687,-28.3848834528228
14.9435431391205,-52.1142113215818,1593367378.98321,25.374748386597
12.7395773062119,114.83971396419,1609026531.49354,-92.3625022570872
69.5964306276472,-28.063565310185,1592136236.12477,-143.66701000602
47.9376572285876,166.211545483991,1589372731.37418,-108.0216294924
-7.61109091190015,-76.5532999885789,1599466541.13234,-42.622590053738
-16.3734496378506,-84.3973179500906,1602589780.43648,-141.223440668521
-33.0056870624881,21.1606700447527,1591064721.5601,150.332487010539
64.7132152116165,166.261749847576,1581538988.81587,78.1949140824431
-14.3475403234303,34.0542913587335,1580412746.93755,-172.735313588745
19.3081597372791,-65.5146973612301,1601243290.14504,-83.9120958757888
10.3314919085138,-4.66171905453109,1594696369.25925,2.80753679232259
-85.1260851256476,50.2780106373414,1583285982.27009,-127.109503832823
-57.4680942261979,-20.2213686043869,1593412675.64212,126.390108334634
22.3857202320084,37.8531932584724,1586180561.02548,132.058143777533
46.991862524037,-2.71613461216077,1602488591.75594,-93.4727266442911
-69.675621544343,-109.064324571665,1578660757.9214,-135.689560133161
32.2277949004777,-119.497057289951,1591202036.86871,-103.791205139759
-55.5286374808839,-17.2183904871668,1592360304.61085,144.553721838593
-81.746664857977,-20.4022283579304,1599830191.62693,-29.8710415221934
-72.4576555724367,-65.1249696113184,1592344588.64195,-47.5941429439389
-39.5746221597261,111.69793716622,1599231730.38942,38.3311507653293
-4.84207240825647,14.5528044405965,1591304106.73874,-102.657378807413
20.8318170892509,-101.765606972998,1588405924.73265,-18.3511208782077
-49.713031923486,151.521627704771,1596401031.00563,147.202239344533
65.0483109696982,-122.626184279429,1583655172.8251,-4.06483250340011
5.8699997325853,36.9105961141933,1580521527.60454,-90.0371626952481
-2.24265451551533,-70.4907614236239,1591720403.11694,46.3304471107206
-60.9853951498265,-89.3003452957904,1584576836.88051,61.1640359456243
-19.4801198216989,103.373165518312,1590790242.40013,-78.6699211655191
65.1663839273687,-72.8500276313418,1585237797.95539,-103.513197227864
-4.40731885647148,-78.80749502055,1608553067.65735,49.9494570921835
30.8221485139,-22.8239885106719,1605725850.27183,-169.55978332007
53.7459341255807,-72.2156475992314,1594501893.1501,-55.516238893297
48.8889622856012,-16.3090181135026,1597822431.94235,165.119961389316
-32.8296909635872,85.4587013543408,1580053069.5947,-82.3017177203237
4.65182367457358,-113.22599258006,1600089879.50358,174.29738440128
-75.6623258562546,56.9780144984626,1581096889.7107,18.952274058557
-31.3484526862012,47.0882344597084,1582831077.78632,-46.0882209668651
59.5795731831668,-47.3216040973136,1586401804.89314,31.1783280815517
14.9473109998269,-145.849277798975,1597325193.33108,105.815562773714
86.5382715104659,64.649226237094,1581215245.1838,-66.1545194891344
-15.0980362949598,148.459538320944,1596042999.19485,-108.96102819605
2.90801383995297,79.0871772531456,1599293584.46242,24.2683464563891
68.4428197639024,10.4467481254796,1601950415.00634,-7.11498407261749
28.0537946703311,130.049995137019,1589699706.44712,3.5719511217481
79.4864340163852,-45.8256522420111,1602697723.98666,-124.078083146095
-6.80988978954123,91.5942531144186,1608830811.69791,-99.146072660357
49.0552947439687,-115.304477936884,1580484353.6367,-19.3560060605184
16.7137384604766,160.676138416644,1586409908.60728,-163.739107216071
46.0261669401951,-6.55273804353826,1593223750.09773,-32.5804770757198
10.9012229484114,-87.6172630569052,1594144166.94835,-176.245926989989
67.6973138293725,159.938670299755,1608897153.35829,-160.522022628027
24.3778752159438,53.6370391486442,1581980144.30552,-177.329482749464
67.8986817862578,-53.3290854047412,1597074648.45304,96.2663958196179
-33.8177011520907,36.0628785186169,1593155416.70491,5.56441734672515
-40.1830283184045,-128.202547184752,1578981130.95993,101.557628448329
-17.8099759574774,148.436785089437,1596683295.49217,179.732883532325
34.6590546739783,165.013065625768,1599502942.10029,140.240691351299
-24.6019743275361,-54.1437105330253,1601974929.32024,-113.497082227097
-23.580562289055,86.500659760084,1586692081.44347,-24.0352769203656
77.5974677906657,-168.513158600279,1583864517.29021,21.5373349588542
-24.3988487498334,-68.8777729314385,1603049174.17303,-65.724019213286
71.6177814328091,58.5672783268779,1604294709.35246,106.394923487245
39.4087414488064,-92.7620191624468,1590430561.41877,106.749600547322
-31.4683019064323,105.581174386047,1581793491.71482,42.4968644315668
-8.32108777084571,-66.3539723947271,1599981770.69561,-162.429570709253
-89.6719318198539,-78.2576431761382,1585162279.83121,-36.2065725862971
1.80464270873549,-149.337375348508,1604688225.53269,-80.5405630299666
64.8816162001631,-22.9739277808444,1585502783.59395,56.8832470883921
-3.30102571173374,-19.0003345131043,1587713531.9,131.845064647949
-76.506385088852,-131.797378522052,1593308722.90891,-105.145988921474
11.7342339651569,102.790598923779,1599492157.28775,98.6216367603262
-3.97504180551705,85.7838834345428,1594134049.88097,112.279306969163
38.0418569559612,66.1919450752933,1579811589.28235,31.355150947371
74.6347539552496,25.9804134915779,1585514032.79222,19.9010785286654
32.6982813894082,32.6028348503747,1578599365.88634,171.103957694087
76.7679866010384,-110.315951454811,1607801448.13218,123.255962064559
-5.51732546726463,-131.776020152841,1582503613.17409,-138.169482385659
-31.9053962131853,70.6349470005329,1606653462.96428,-33.7528636337819
15.8012991151952,-41.6632823943888,1597768214.78665,122.268121577598
85.353073013207,7.12207591918184,1584393303.212,35.6154172686816
59.2758358797881,-30.1875596097601,1600809061.73625,-96.6260531953954
89.7111483771469,-24.7996420532695,1607405866.17451,-79.2644654526335
83.089032378735,-84.9280765865285,1580871211.54462,-143.555767837172
-60.1192709200025,-107.610398622468,1598161635.50845,-101.453254093468
-63.1866467313959,111.066039352541,1591384082.7542,-48.4167845519822
52.5213174832168,-55.9428289484251,1578308189.91604,-50.3044829765301
65.4273698601228,-23.7906078242316,1600536539.97198,126.915194207958
22.3086142466667,-61.3855836130853,1600158940.03735,74.3774135037217
-7.11560116268706,-47.06923258597,1594406429.95535,-134.487851300758
-61.6604571194515,-34.7330396726738,1583856791.08307,12.3693963544786
59.627025746233,1.25597385268813,1599044152.50655,-59.9982526345665
70.4845664678429,-104.732228769722,1606479109.92845,-103.518120266414
71.6535836642539,83.2581479298549,1587973170.42467,135.724812492364
-3.02883862857094,-65.5190147921207,1605731087.35387,-118.653876854605
16.785303362119,-162.139686944723,1601366600.73116,-162.316580435996
-57.8658690985929,-88.6931935863483,1586802078.83038,29.0796922233317
-48.5521999167494,95.5283794303963,1607527581.23989,-151.528932473885
-63.3489434415479,-38.1230145000122,1583895075.33591,-1.37025403258966
36.5401284611543,54.1170942210832,1593015658.83947,151.988771484765
15.9159470638807,-2.11495538058858,1590758271.05669,-148.678316855277
-63.1349263517669,-93.0720672371356,1584865866.85111,112.925427626675
33.5825004113615,139.406097138521,1597699256.95735,110.462749287385
-54.2915910731433,-144.911724190844,1581040627.33509,25.2099976679781
-86.1309337686819,70.3780348576795,1606686772.34059,-105.299920775344
56.6320790566008,20.8905575008747,1587936801.10843,88.7282509694199
30.1761746183161,112.664777222538,1596641514.5204,150.44274785783
-52.2982904298577,53.3058656615924,1607418388.06755,-51.7604309288536
2.17471135951075,129.248903304777,1602594268.07871,-86.3946294191485
-58.7650091264857,5.03184952034653,1590460364.57506,165.309344040226
-7.35855641517631,126.668928572728,1594609065.08704,-85.488241339807
63.8340237429771,-141.277951278309,1600234591.32083,-7.34009688058583
3.16233148428616,133.602942663391,1588293178.1993,-153.141514824043
-62.4686914265027,-178.981819243456,1588394913.14121,-21.6851843865246
68.3276701000115,162.570175232295,1582316841.92263,68.3381138174055
-10.2435704411585,162.937155944007,1606379914.29242,-78.7329997646433
-12.0701646603799,99.0077898925987,1595258961.84485,99.0761307527487
43.5541962818873,-35.9907837812739,1592211295.76661,111.598391477198
-5.80604153405443,-122.229725486771,1584025855.09351,112.423052824628
-25.2902210669559,18.7009929125442,1591428319.91584,164.432342081258
-83.5605716249527,6.51926410665109,1586143194.91472,109.616630459419
34.1455009521685,90.9921045115822,1596208268.6219,174.864326127639
-27.5222478891822,-5.30792457094739,1594064273.51495,119.077708577467
53.6852365334306,-32.2797159709333,1594549360.992,-88.3250806598021
-21.279328523687,-111.770750405826,1587422747.33662,-73.5448988981341
-75.7896472207628,-47.2410468871366,1582631343.34153,-60.7241062840297
10.1457143575885,-67.6785600552847,1601156592.32462,87.7873036607381
66.4953107376948,-153.299052453695,1585638917.25833,93.4534706811809
50.0723003438466,-75.110924101097,1604777081.44974,40.689697965773
63.4948036822131,38.7206138655829,1609113451.10567,-171.268921150625
-61.7088095806927,-4.02820176502405,1600272437.34526,-13.098130348112
-68.7114987095508,22.2814776154211,1599748544.96251,-18.0156582371389
-24.6667406086846,179.832867068701,1599957824.60318,135.008331227596
-69.6094559510307,51.6026434737576,1583329951.63923,-55.8535269034215
39.0867031782324,-46.7329579880777,1583136650.26202,-28.3062768573119
39.3423799895852,145.997298264928,1588968103.59491,-134.854515179937
-5.53428696109947,-134.991969764286,1586628316.51159,-41.8806252969279
-59.6293216147202,25.1705810503491,1603423893.91006,-145.948103327374
63.8150949946928,-68.3371229646305,1584777808.85197,-47.0485022879758
4.72694293944227,74.7881014415934,1595931607.34801,-13.5882139684047
-37.0550257504162,39.1722339632586,1598486286.78033,127.712739164873
-49.3260216333255,-159.65564416347,1592115436.57312,28.335837581602
-23.3436034512287,152.288679398451,1604580321.00302,118.931342313411
-31.0631810723467,-75.7682429238757,1608263317.59219,-134.03617302264
-5.82751469594241,-125.535161489098,1606647541.42178,-139.839490533313
-33.2311054969644,93.947910466199,1603135138.03783,54.3127582706739
-11.8882017653822,32.3350295051751,1606512871.01475,-102.867500800312
67.4376612348163,77.4728320444816,1581106094.85438,113.458554110166
-21.652316295099,-154.93853761623,1579647926.32844,18.3445972872941
18.106038599965,52.1283438568239,1582720460.33198,-135.501306275299
-0.440056236366402,-4.07148244874782,1602438082.3305,139.033122522984
-54.0414848213527,-114.344214260313,1597761172.458,-20.2481938485397
-56.6402631615929,40.8527246500339,1592308304.06617,177.494012778175
-72.4101303974468,-159.158652724603,1599345934.94778,-82.8062198075177
58.2978599675062,-93.2801678107196,1579486069.67191,179.996966812593
14.5373928876849,-105.843302378202,1604794602.46756,-70.5028397494356
47.3877215997137,125.887095696201,1585336555.7055,77.2509747429176
-81.6859498148148,46.73748231386,1590332199.10281,-157.144491893543
-56.4186809020668,92.4024316851658,1596340034.13661,-9.40972881220944
82.7588358666365,22.6271331290014,1586120704.23286,-76.6834114462914
71.8666215207844,-4.75952150671077,1596376337.99371,177.031888759085
5.24614430569923,-154.782391913823,1603923122.55953,-9.41468536008017
-70.2999260596471,78.6308634724018,1593751080.72497,1.7978807370169
-69.7133448793928,-171.205658799529,1591492731.58136,131.477857127234
81.9645527168287,4.23474629657497,1590666055.61522,11.9720907296364
-77.7483334142004,175.499808757734,1589572480.87142,-55.4386091318083
-79.6491863383627,-11.7233061019279,1586250115.62909,92.411883741536
11.5456471973827,1.7780635595912,1603993450.47634,-55.5735219657323
-13.0647034848724,-90.3482902329661,1591344500.27117,87.2604764341667
15.8148325384546,116.294759134165,1600347270.02892,-14.335244264036
-84.8157815513654,-74.1827113555829,1601228308.20277,-70.596093707209
36.2543612374515,145.604572231273,1605377269.79624,-132.258538604606
-32.5995862432014,59.231681228334,1585412356.01397,-104.744423422689
-19.6771950522797,-24.4436826103718,1602826258.90773,-108.774774427119
46.1123861867975,166.731986675844,1609435859.75121,5.31609939160401
-2.70629592543649,-15.3215132306149,1578121334.13706,155.486206997847
53.3572075483739,-90.0961249817816,1594006411.93526,-86.3061441341909
73.3010746277989,83.3506463930315,1586669190.05048,132.561738615875
-41.8545863056159,-173.843825978545,1602581867.0999,-4.33982534733863
52.5590808196725,87.9991640972716,1593654349.47078,-47.3412635209579
89.5367831719075,-142.472763225472,1593304310.60744,-139.870441460583
-30.6636101764759,119.64579408253,1591694747.96398,59.9564092382841
16.9067559023446,-22.4756423950118,1578147482.10794,-11.6305673762849
-73.3212546581442,-136.053689243931,1606577030.84029,-61.9615469522256
48.4053060989787,-156.601016372105,1608597292.96155,-104.882430073204
-25.9032326945598,-17.005428679834,1578199742.27917,-5.04256613093327
45.029491755338,-157.974212427875,1587371637.37331,-13.5795792773422
-50.6004305051418,47.8852207290238,1590418964.94482,166.96408101095
62.7381781334899,175.067053093801,1594502947.24011,128.131878764898
-64.4286482084242,-91.3147498245849,1581633097.87591,-73.1053282298445
-0.169547896124541,84.5016038132748,1600805668.26806,-160.915806990971
48.6351457436528,171.970251842208,1603995923.83965,-101.92734283226
33.4199159756555,30.6604189609664,1578744744.28192,153.767682443804
-49.7735761329043,-152.865882713192,1591097917.60583,89.7114196454348
-37.4488087747607,51.6880878071272,1578886126.76186,-122.988612463048
-25.4500793529441,-28.9812762308031,1585615803.06658,6.72099462022595
-52.724301775322,161.197172238201,1594951880.71971,145.704647478118
42.731466358363,-174.716053420777,1599784831.66826,-128.214285841565
-1.69036553804574,-81.8063988177216,1601340259.3766,-175.420754171877
-68.8235401776886,45.12574734898,1593940513.76795,-89.5407431296046
-1.23227958850434,-112.520619652743,1587001419.76957,-78.213537612836
-42.7822201895455,60.6246420003002,1603624776.18729,-99.5365435850579
15.5110359081094,-155.134554422815,1599895164.25692,47.8108859807769
75.4766113865872,-11.7817813250637,1603300232.25193,-14.630610727549
18.3461033115762,-144.232052439353,1600551044.48643,-32.6699624329406
-11.4890561725783,-141.75365374011,1586930294.04422,106.896038948262
20.0503122327479,-64.0157825522986,1592849705.60441,57.187119385936
57.2399378793742,111.711267009279,1582839417.01014,59.5789263157015
-28.3581119995939,-108.542753981455,1609213201.57216,-82.4083545391741
81.119562531739,-106.127855492613,1606987538.39354,-20.4292960901547
-14.7322074210819,80.4498606000731,1583765557.8912,-78.617207627217
-88.5703529295541,134.637039885371,1592058968.66866,-106.471997608519
-5.447650594831,-110.035344602349,1584664054.669,-4.30175821844207
30.0619269183969,176.390838284188,1586367775.09194,-111.453956912069
40.5317356430387,-163.586576421358,1592130844.28836,-77.8866165033832
-62.5644953276866,103.47023002211,1594344593.60328,-52.5504151194077
-89.5819452065567,-64.3087647735724,1607646318.34202,82.0009802198379
61.3740779077436,3.109106570769,1606259792.35775,-67.8183972583623
22.4602340903577,-26.1057358209649,1602980268.11955,-121.915198971263
-36.7914218535364,98.1478867304031,1589644199.45927,-135.155872946183
-0.734922874467316,73.1853180016693,1604760908.12582,-0.968045618053708
67.0807381488681,40.253406813423,1599137526.75949,-144.787056306343
64.0122520925525,179.578116856585,1587910712.02355,-25.6094598248197
57.9194438127076,35.9794507649108,1605073500.69931,99.0263017717226
-48.8763847323389,-29.5525630275093,1592026541.6624,52.8470785762178
39.3731112136148,-140.948038499751,1594356417.79622,-74.8666012221437
50.0342342227528,167.048330851526,1583624230.95802,-82.1312635562432
47.7274993826,-176.030052915447,1591758364.40832,-49.6309376624471
-64.855739262857,69.0256890635247,1585919381.38246,120.768776317553
-58.460997780166,55.5867273350538,1578918073.81126,-10.6758496534888
80.4527667225461,-118.613888498391,1582489807.08441,123.484089970073
-66.5537606669036,28.8508314894168,1584815838.2339,5.18569003290546
65.338378063095,137.343388476137,1596791602.65066,-86.3088256249226
-77.082706963391,-140.71145133581,1597307322.70802,-24.7428370005472
25.002134164988,-45.84496987411,1601212089.36277,85.8044215559548
47.3141295279349,84.3132756108191,1603363255.11017,29.6926364007615
-83.0965005922312,66.6009804929205,1587966435.03775,48.6029404997225
16.3814053747611,110.893711398906,1581924608.66079,-103.697942207069
64.3620346039502,-118.326699922587,1607584017.03428,-76.0573466529885
82.1971458079751,49.6638188975812,1591123320.09108,161.099078049894
64.9029861543456,161.10336696099,1579992999.14806,164.297915245886
-72.3720594059799,-154.138714257738,1606079092.1222,-159.192342773045
-41.3684911879231,-80.3883141531243,1594539487.82858,5.36978224282177
-12.7207405404284,13.9378400271659,1579091186.66006,-2.69644543593165
59.5185258310071,-145.645057528198,1583709586.72257,-120.382655418305
-53.3704291914078,-53.1612642893153,1587475378.91008,145.370794906905
80.0245708060899,-102.481441442116,1600856564.37709,-16.3931629674578
56.5853321229785,55.3960757692528,1607955655.12441,103.024275197143
34.5159246920523,152.790115404715,1592375702.66046,99.390171787703
-33.2510180629235,-119.404876226035,1604670684.93979,37.5649805902132
-12.4871816036651,-125.92235057769,1601642235.68293,22.5170607002865
71.5015254076489,32.4648906194215,1579396492.09458,72.5456599753207
80.0830283861859,54.8044632823516,1583990433.391,67.8158577231924
67.7431464537023,167.29324911622,1597050158.86429,44.2604898950551
-26.2734317757435,-82.6681600759199,1584311199.14235,-18.0613251779867
-20.6890027167371,111.097149027388,1601183463.56266,105.891513152764
-55.0439958089734,8.56449025681363,1599508618.5348,-74.1741661140115
35.0735670865669,-7.98297174019373,1598593889.16471,112.18270144225
39.7152323332236,38.8401382187071,1585888235.31206,-86.4864467892673
-40.8448089493098,-39.7149355803952,1596854913.21972,-101.285257565418
87.5317703307506,59.0370456741463,1609281260.39983,-167.430414598101
-4.08855503965999,-34.4590484618922,1581119636.43346,-123.708861495584
-81.3899584503851,3.7448356705938,1606170337.68094,172.815664181149
81.1692723893584,-132.743813257041,1589714074.29666,146.838103881425
69.9111049300187,-129.859302648243,1608218160.96116,18.2115205530218
-31.6836748215549,93.0764055779651,1585685392.4335,144.074975146713
80.5996913315806,-73.7202338071445,1608533613.83001,-138.367184486326
42.0616909739779,127.920012923916,1603734222.69431,-33.218938389156
-88.2223864777391,104.490768234239,1589663053.29076,-133.311433962725
15.7669645287375,53.5985758285929,1595050316.85279,-78.5735121234961
25.8358657672567,102.928826114965,1585097893.40707,-159.988420013374
-8.2330721470437,-69.5900305752616,1586261173.17209,-72.5505354076486
14.4224938850051,-135.087096831662,1587218803.15131,-6.33849944416778
-35.4843669042453,-8.9744166622913,1591944606.88049,-47.4724748457925
23.2248880739798,61.3341679048895,1602545961.45434,-9.68903409493828
-7.10975227219866,19.4515835687354,1580468388.84106,-173.194838136109
24.6403944421251,-117.91154789847,1598918609.20283,27.6084165722876
-67.3161572970211,-10.7524411295202,1579962212.65084,-23.7825898253206
-37.9245396983911,-143.885421215535,1605184378.50815,115.47164496026
12.9111619167539,126.256971721332,1591206726.29614,7.13375651463267
57.8223510433908,110.581474236197,1602024788.76811,175.875059672786
-40.4304973431373,45.9869583681889,1578381729.34658,-120.936165557281
31.1172516894952,-49.5529991127961,1593528354.22007,-128.390283035159
86.8268202919643,-89.3004428426279,1584307445.40629,102.350121234675
11.0855287089706,-177.652543334849,1607879908.42896,-130.310598965514
69.5079633643423,-39.4976781045674,1603780725.72753,-19.633890862397
-73.6544874581046,173.317958845345,1588353772.54067,83.9576275269271
77.9189621631491,7.39093493397061,1593088342.73607,22.8473318674093
-83.6730752240228,-9.83602387460951,1596611374.04254,-160.714281199639
4.30209010280218,-15.3496354402549,1595103874.34025,101.428802804739
-50.5839869096062,64.4502448639421,1597493453.4982,105.695498083349
75.5773444678557,0.548147803375372,1592119506.23123,8.27768982984088
-1.54820718226576,-43.4765173843073,1608399566.02241,-18.1613671712894
-66.5481416303851,119.080631247706,1608488341.05621,-49.9117230462303
-89.3228342822398,86.2819581622806,1597955910.08757,54.4530947040823
-21.67517100792,-127.077842590044,1594190955.97338,-16.214463802866
-89.6521119171743,79.7026598881605,1593431488.85399,104.418727849006
-75.3197535064113,68.2992706117602,1605381957.25145,37.5605805827639
75.6861054660961,-19.1769872316621,1582301590.05466,31.0056445297871
58.1829164599581,32.7410406092083,1592946544.56866,-45.2565961392171
-4.88370111809331,-156.569384650404,1581000279.39339,-64.603428189648
4.64180649538916,79.4436988699659,1608302952.31278,18.2397597233617
-29.7507749383872,72.7386642675513,1586540293.98533,-53.2288630413245
-44.0355748285738,90.3551491761582,1597352922.17424,-148.516362916334
-6.2109430179049,-158.926195984079,1591579747.00943,121.753429319291
-1.93721936467816,102.516422125006,1582187398.45225,-50.1835298844248
-36.1670225779585,-69.3945664858183,1592338210.11716,-87.7144274213292
-17.9787593269718,-122.309198096253,1594006634.10632,-55.8465908378781
-27.3659353254881,-24.6927817671023,1597678328.51363,43.3999805818451
4.82791818602216,58.2194735620889,1591392207.24685,103.202131436604
-33.2280531644453,-111.272633641286,1586922115.00316,-16.8161899178911
-22.4206149133896,-164.446806602461,1603953112.7157,-142.756141439339
-52.7982877501781,159.517199564935,1588739654.17091,130.193667276826
34.1593553710196,-45.1236285875283,1604719775.80441,131.601477752168
23.2774978119497,-139.362397992552,1578785436.79324,104.423667359718
28.3171597983819,60.9632060951329,1591658789.25787,169.546140968784
-44.2760994389957,-149.352198055119,1583021678.70953,-39.4310468759582
19.7969911396715,-105.470264906086,1598895762.87741,-165.148506286934
-16.8676690394769,104.058069596807,1584093199.29552,-160.154851417579
-62.7305559892428,-116.463182215745,1588484583.17388,-2.65618491212811
-23.9440153066951,-3.82267056549702,1590170415.1354,61.9183016854132
32.2470319636157,106.236260055626,1601341915.96471,127.973403622054
-45.4326367279749,11.3031558264672,1590425266.48358,75.9019116106347
-32.6017162117365,161.252041295673,1590574200.1723,121.551104109274
52.0793510459911,75.7578078973222,1579844764.52747,123.824371548799
-25.4863554640491,94.7262296184125,1599411738.4477,74.5632810134378
38.1349820756259,142.293722855549,1603361112.72058,141.271138455591
66.1912559667508,133.354465173096,1600104119.19022,-15.9293686337505
18.6101370975808,86.1117483707457,1602108165.97326,34.2563145324399
52.4766621092233,-10.5885570571808,1597371475.81511,83.7232746363712
25.9175643748863,-134.318523780495,1606448288.19432,-50.655034014096
3.66048127575398,-175.570242133334,1597395540.85218,-55.7377178806645
75.7719953241418,-69.2377988209611,1589496918.1442,-149.68349137131
-4.58447643355883,32.7406022442036,1584615744.60504,-178.161328051174
46.806957184229,74.8215368026626,1605767726.14616,-7.878655670417
-8.4232562125585,-139.436826243073,1603469055.85841,-140.463637932441
-11.7163218811893,150.26920146209,1607855149.10212,41.3787367940097
42.2001701037024,-156.057168747456,1588325271.06879,-64.0223536501903
-54.0464908528785,99.9946404830463,1602939569.64501,-132.570066258105
49.9463995916809,53.5899594691072,1598376297.26089,157.450006042342
47.5832981225906,88.1285157251316,1600545711.49476,-124.904645584766
-73.093969819765,9.38637457454976,1578773865.00955,-91.7345905880682
-18.5848572045411,-48.7138204752666,1579719884.12644,-70.3760938345918
72.3592946685974,-113.152103222147,1595790247.02734,-133.291571797714
-17.9268130986662,-66.7409159682661,1591505126.0655,-92.985743943392
67.4056458385975,63.2338651738478,1602014180.54836,105.086280333056
-54.7288631964304,-158.942422327589,1582200590.42454,-107.058441301519
32.0886845396225,46.7722287312597,1595407468.17376,84.2337186136938
51.411297551784,137.790696117374,1597893305.52268,87.261538980788
5.38272773381493,-50.3933210997723,1601914328.07289,-31.5120692075987
16.3218573242874,169.366909863362,1601590331.28706,91.5670460318498
65.0009895144611,-76.6872612597964,1600702890.2572,146.892256051565
61.8034662816644,-119.667222854735,1599523237.93651,48.3532311572092
85.9799074165452,-179.5100870217,1596485076.33699,34.079905180464
-43.0670123811938,121.001715920656,1600659853.16612,-82.981444645866
29.8682810692169,79.7437105901786,1601827841.54379,141.680899004991
77.5807539640336,58.241035327275,1603667285.16343,174.658692059128
-14.7425609906076,2.64337471721402,1579513189.19799,-85.5416158871147
44.1150207157028,-61.7108350674991,1592646337.05676,-12.0180694125313
-40.0668337393952,-106.838072190118,1608926386.19435,-122.721850117794
19.1567704197234,-87.0510141446157,1592557479.88519,174.156834451601
-45.6906554908496,-57.0592060660544,1585267013.89978,-178.814851259399
63.4232507658605,-141.633977368003,1585639172.49226,-152.83079048518
-11.2637955905519,19.2622740325675,1584644129.23245,115.185061857459
-37.1261995176165,65.439267285343,1579472041.77789,103.292487051462
-45.5032540620412,-140.314727223231,1597580274.86675,-4.08160120160315
-49.4470938144337,56.6331884659104,1594893001.94791,86.7222128650542
82.3005327483403,-84.238427357012,1595845590.99963,56.8990708779044
-40.2863110668507,100.974597395301,1588984380.63893,166.946146220487
-67.1562732070441,-112.861878473446,1600916176.29892,-89.1024852737062
21.2558990039028,0.866804108329632,1604267869.5311,32.1497317097339
89.0042757949514,-156.990554382467,1579938789.11641,165.553496537808
-39.0061333401653,-176.428152300449,1582739057.88028,-33.373767944068
62.888012789037,-163.150993185799,1593740717.38061,-166.073216066042
-38.6211096296878,161.022621766544,1604977417.50691,-70.6976672241346
-21.2186557428194,85.6172134054858,1596813849.19908,-40.6692146427168
-74.4556040329924,35.7960354690201,1605158878.95707,106.157550575927
3.19612907422857,116.591322806967,1603515358.57794,134.380873342601
-63.1794914577334,72.5087781485191,1601940090.57338,110.135461052125
59.5095108580665,70.1577844794841,1602138909.92444,-24.5838649712621
-86.0319704904869,126.710919003467,1592636367.5663,-124.250427358956
60.2077459749158,-0.087112174953177,1579358583.42094,-96.2264069651012
47.5520135788972,87.5973830357988,1597786310.22491,51.1095322597463
34.229355380859,-98.8435791263669,1601260510.2384,-120.284373353746
-50.4085905730139,-118.959012231252,1580984277.64248,-84.954214077308
57.0887564679402,145.924732500123,1579946967.99858,115.275176529616
-89.8423095054674,-33.7752086188285,1582378328.67922,-37.729614801522
24.0600421962934,104.105988013897,1597110961.43276,143.944080478421
76.7210855342394,171.198560998803,1580516994.62733,-29.6591887999996
-30.5742181563304,-179.243450140793,1597495502.4649,-179.409989198923
19.8108748850861,-8.66176052689221,1594540193.79627,58.2623649770032
45.2618560496076,145.453232088999,1585996013.51777,105.327991999368
-86.7319516323448,82.423733866122,1600791433.87142,103.972756733904
-11.4075654599704,88.1220008783609,1589335481.84662,150.886115030391
43.1108951207701,-21.7486660683318,1579112887.44544,142.872661476086
43.6402017747274,97.5718982861612,1609168986.50036,66.9322883780479
-83.4722166459414,-86.5765979827936,1588773201.72211,68.6277794234491
27.0690507227883,-127.394067072212,1592921003.25906,-6.93205156357917
-73.6293827866372,-162.874327495444,1598294111.167,-28.9390757681198
-43.1336330780777,137.162261257894,1588932219.32201,109.43546935002
-9.59178159808243,-82.3485573777627,1599185754.05389,120.431223368689
-25.7792762072666,-124.713161828742,1590439513.08321,65.2995766404164
-80.9676384733204,-88.0036011266341,1597185944.53968,28.7054794955895
68.2365236192622,49.6571117122122,1587472018.36504,121.783396168064
22.9828271195257,-133.342743114089,1578859216.95249,103.846690692488
-87.4595674322564,-148.259821355196,1582950832.24625,42.4986472777924
32.1463654761414,94.8950374673031,1606845477.03599,171.197434129013
-73.0259061818663,-100.087355196185,1599008483.76896,34.4604871965115
-63.3014280087378,-2.66215955577803,1583045885.78768,-105.426592412367
-84.9476406632035,-65.9125380300557,1597155253.90714,-150.197032188005
10.4788579093095,-154.843227536935,1595773653.7575,-100.839476675768
-81.5240367373603,111.904598391859,1580018621.94152,-82.3093574134201
-39.0073641121225,-83.6598457157472,1606943527.03025,119.026047861514
-53.5055001098997,-109.636578756209,1597272737.30985,-175.728313522905
77.8159804207925,100.849353936483,1586497886.47506,27.1662997716544
22.4610233948303,-94.3586417334486,1587010825.25153,112.140807663581
-42.708952736106,-97.6201330364159,1580845893.94763,38.7981402418532
79.8624772560799,90.9030919363044,1585556808.12741,111.54980196874
37.5149043043712,-175.753867351402,1582382105.4101,-148.269300677817
-59.4240662076435,-26.1201574956376,1603550813.04209,-106.812706556694
7.74801693918057,-144.278578064511,1589844056.85163,-64.4880622104017
-16.54331734377,13.7680536814692,1604133133.26437,-81.934677508223
16.6375417367528,-14.3681832487519,1596101308.99912,-38.26514468626
87.2856415731275,67.5403737758995,1590723116.6295,169.625041861984
-32.6483291160509,-62.7802135132565,1606798157.45729,64.1653065701046
-1.04253389410586,-10.1425223650364,1581828327.05316,6.06303709198056
51.3623968438718,158.643614650958,1600766110.96779,62.7364250865369
-15.6596512668989,102.922840347474,1588480482.51349,107.088502078361
72.0241559394757,164.689332651041,1589659507.47962,-11.420559431303
-57.4531310768997,151.76483927389,1582519979.16016,-55.1451405008488
-43.851133113409,46.3363796737918,1596297846.5285,-138.154177858236
66.0153974385458,-34.1051888136688,1585775870.46431,145.994266810401
72.5649664645629,141.742331602256,1577958058.60612,-51.1481052892861
-26.2891679556876,-15.9047208122751,1581217635.65108,-170.040575397802
88.0740621601258,130.622992325144,1590607746.86735,86.8147146163019
-50.2508985544044,40.9060493495267,1597264545.97835,-35.8183630263178
84.8388031753495,-66.1218013140612,1601755824.04966,-129.842153632188
-41.0518230066519,92.4906391196942,1594159152.58946,-177.261275526888
-18.1426891050173,119.239162301674,1591431027.76904,-87.1321298656375
73.2468032751723,-156.157238109593,1607161297.07572,-7.09851395792299
20.7263986958403,-78.8354954428249,1588179362.11209,164.72770402112
86.781555116974,-26.1645723926816,1600638143.36661,-85.1725708112866
-14.0623454425521,93.9396026585601,1589054389.34959,-43.585753922213
-2.83093531032559,40.2806253951498,1581864123.44314,111.124822259989
-55.3706003192077,117.643711937438,1589423640.96206,-160.765702889555
21.049601365094,-99.6807238798161,1585957325.11475,-117.995458804369
76.3937292623562,134.46905876229,1584776709.73387,-155.717237438859
-5.73026013586168,-52.4632928211991,1603271112.91783,39.2062879782463
-51.9875752184142,105.92116075293,1589294042.97355,67.4161946983047
85.6568932211642,-142.000014265405,1604916687.16805,-82.7336360167224
32.0076056923063,72.9253282749568,1603268124.95322,-124.292422566896
76.4329126948554,10.3303690662574,1585685208.58338,92.8699911359416
0.065234437481536,165.789439944024,1585188917.49624,-149.416576051298
82.864567065458,-179.308727661445,1584594502.4865,-82.5469014983278
-2.35243679836969,-76.4721129340502,1582965202.97958,-26.117974817116
-21.4439808008009,17.3904094910173,1598733522.52895,-39.3586427201006
88.3102061626599,25.6325370104139,1589586717.15515,-21.6145428268619
14.0017797598941,58.1710050763323,1606402693.24228,-104.224865231364
-31.3276413043785,49.9197008566845,1589805749.48249,43.329308179458
36.895125735862,-0.79460954478489,1603819180.78223,97.7831712828534
-2.04990120306505,-85.3300381224942,1608501140.59007,35.7669711039154
6.11556659532883,-6.65575889456983,1609412166.54331,129.324065733975
86.2959285827003,-122.504689321117,1599028060.33136,171.473194460461
73.0780082777976,-17.6173703004839,1579361916.22351,107.426140336693
-40.8118153078045,-64.3987308289015,1579099955.52374,102.792229513719
13.6566315165065,-1.19589284131195,1606751175.81241,-43.7088517818714
52.7537772390253,111.312342591136,1595454286.04442,161.670231915898
12.6595273673634,140.861413205464,1593793736.7975,-176.039537961816
-55.0385134875245,75.0986966236927,1599593349.11369,-30.2121784999591
-60.1237269673981,166.043433747747,1588105737.45442,-106.431394087307
-55.8895695928045,-168.87922865965,1594943333.21554,-173.922149101966
-19.6199465973502,93.5287449383674,1579650526.62162,172.536188301511
1.41341029590465,79.593793100734,1591978136.99169,96.614672604104
-59.8262232108056,-71.2272584328467,1599901031.85095,-49.1890785354994
61.160065773061,171.357689686603,1587626288.19781,124.704373003362
73.0755294296251,-39.7231064576188,1596929821.95619,64.8231848727223
-81.6943450346987,177.631064563966,1599798761.28792,125.268965141846
49.1619086100919,-90.0862549846008,1591332439.8894,-141.030256080768
59.5498772811785,140.870656117311,1587947030.25154,-90.4801752580192
-67.3963068610825,-7.04541852086123,1579624241.19962,39.3220553940385
15.2760546811506,67.8364577286376,1607630733.07012,37.7991482437692
0.446893140691174,-66.3482910025345,1583881291.5186,110.748980109752
88.6250471117935,-123.294524602412,1588682017.94003,-138.401709308464
-51.6148442273545,-81.8809032218079,1600715894.00217,-29.8467738270531
-6.88828934803193,-81.2499645886097,1607578484.39673,123.12205609852
24.6989918553353,-25.0176435166626,1578288729.96713,-160.442584427497
-5.21557577178434,166.197293994506,1586312912.67379,146.456013986837
51.1712794339655,76.7811779959698,1600954022.94791,5.16502959049654
-41.3948514079619,-49.1032375057309,1603602309.76396,-166.350430657567
-34.9297997531222,19.961804317682,1583892242.71846,-95.784694822305
-3.29265770539637,-4.39243823976415,1604048537.09761,-95.2830260228833
66.9617664011062,-18.8550390918095,1578170941.39313,166.124706346761
15.0683967086418,134.419020535915,1596198721.99341,99.4839295086686
-88.4176438269776,136.342140246564,1593070064.03181,-45.5234240058227
-63.1068489767426,-175.942164380227,1603270556.44165,120.358363429583
55.3467684808131,118.409528599406,1594178731.59603,149.719712243796
6.54504081744271,-90.6302310392804,1599672021.39188,159.015860582823
-58.3463136173602,-100.1708712196,1595111860.54386,123.736314118526
34.1686206528575,108.518895011441,1609063908.87063,-115.07720043627
-70.0001427024923,-42.4190209491106,1585938534.66758,-111.265555274534
40.63180987422,23.8763525011252,1606202289.74734,89.1191692604697
-4.76041197547802,54.2799475666728,1590925816.05111,91.9743987259407
-73.7277807896122,-162.858826064598,1591514552.21112,163.355895541424
10.3005011101144,76.8366706074697,1608040834.82154,-136.571492162133
88.8693496844492,38.852925618781,1602700551.65297,24.1656780728072
-75.7382811003492,70.8029681466044,1591890294.4254,144.167121270073
-44.3239719782174,45.3966392782515,1581787917.54274,-89.7783434585001
-71.2524508487531,-15.0080464418925,1586784022.16464,-131.88201446726
26.2448790303622,-160.165540233662,1591496393.52869,-159.437989909353
-35.0471853975145,164.113024394707,1580596249.49857,-49.9298116854239
55.0548281515893,-101.191021398326,1601371042.25631,65.1137584845839
79.3489504652342,148.434943836053,1601129173.85506,41.0791986422603
83.0339314997408,-176.825837378345,1581021569.11737,104.404103717974
-81.0601498126642,-123.669923328353,1580842662.42812,32.099181507605
18.9840767919423,-172.936461683956,1607597038.2733,-16.5671527387636
84.8841660733971,116.376099441059,1591770170.94723,-101.577010635449
-80.6202292436186,-98.3192993219879,1599050625.62516,127.143709148676
42.9607373968343,177.877795519146,1597027361.73706,46.9600971657235
-45.533095421802,31.1001645885097,1602937347.075,-174.755138459424
71.7409908588347,164.192756845598,1596072771.58551,71.7236285096129
39.4625316142175,100.720880837442,1588090667.32229,45.8544133300071
-55.6113805554196,-6.5844050473213,1597214828.40607,76.8370580594985
21.4890577222877,135.437033011332,1604726684.42217,118.722232761807
-81.4308999534098,64.6677333583273,1589152915.72713,-76.3254396933739
-43.4841550095705,-126.450953581167,1587238453.45929,-69.7416940997981
2.66216764702625,-175.004950637305,1587990967.50952,151.134046699398
-53.4783513088674,-107.988953872147,1608454952.11391,146.430215614607
64.9512301150954,-56.8403703753025,1591429843.39863,81.3818813129566
24.7226728273156,-152.791904721612,1580337632.12143,121.921582935449
77.1096663716866,178.39885762776,1602118656.28079,116.593520779081
-55.7119516958874,5.73736616504795,1589817338.72063,-119.115800806323
1.97206140265371,156.264892492155,1602297345.85499,172.047526036042
-59.3827635325973,-58.9726198294238,1607908423.73234,-22.8533820873449
-5.15738543829312,-94.4654583002833,1602533081.58748,20.8310474932506
-77.7736916236645,-21.395520893531,1600087103.64921,-132.485732762013
89.5730062412237,-85.3909304347157,1593917312.7558,106.915403148613
-12.52064734997,-118.498720476556,1600434179.37296,-52.6191749497755
72.2950977775847,-57.2666215628401,1593380573.54827,119.339059082871
36.8358612939131,-107.61974907956,1597720583.52894,-110.212998984559
21.2865816892515,153.342310982781,1588783850.98041,-50.9506335925235
17.9894052561544,6.29027653800844,1593154005.01167,-24.6773762756452
-26.4632958959858,-30.2361392627504,1597297436.50877,-143.843921598239
36.1594066941889,-7.17298871448168,1595555858.01818,-153.385493057147
24.5506348972265,8.95304318212681,1586224681.5253,157.351234397346
30.7001543956745,10.7697278466355,1595714980.80976,-88.3283447271978
87.1243812635654,-6.89659540926468,1588113065.20538,1.87936594654553
-46.458452587924,15.8670994198721,1581212855.56319,91.7682172289943
89.9655716370301,163.283191530887,1605042527.65325,-128.936464709411
6.14627419626437,165.892626287303,1579663517.13742,108.674961451819
-5.35267337181182,-35.7340705013949,1590282104.3739,-147.906270743536
-11.6853827854384,-34.5773182848505,1592709967.59636,-49.8525310827727
-24.5013841875428,-71.6639538988564,1592942163.59514,-112.584306542243
89.6109449387074,35.0278765434054,1598179122.78688,19.6605924254142
26.6404177826781,68.7542913401884,1580507881.93873,-120.727615008003
-37.1346519755131,128.984078448566,1607750319.31907,85.3083562555326
16.3957170700048,-40.7067298710116,1588104217.09266,70.0510891643116
-78.4050926765281,-98.8429332487646,1582505764.17902,22.1239080749955
80.2897875088884,-78.2679935319313,1583181173.79989,145.236585221001
45.8387167599272,-75.8650098569503,1602685427.01005,-34.4870036619202
32.898778422211,65.1321691752462,1608987156.01892,-83.1001436651826
-53.6274555173189,-23.4050932531927,1586814860.57279,164.579555785404
3.49103447804424,-100.248035716228,1604381071.849,16.7506298958715
-40.6902203054385,-45.5462739109246,1587369304.14241,-108.974098587291
-57.8903559247806,-83.7747799483478,1598656625.36035,-138.488937830024
-0.695522428629275,-49.8070347684529,1580084715.15014,-86.4417600097434
60.3763497843602,115.424078167846,1592463377.54588,-139.402397031705
24.7994733954829,83.3421962415642,1579399122.11281,-42.9150276812834
-77.9669041181562,94.6382252508485,1604961521.96586,110.577949628504
-18.7901811891661,-61.3708783907628,1587184621.6302,-159.110392814004
80.6105379761082,69.2544528875663,1582973432.02215,-67.9122689539652
76.5812578228202,158.263981445599,1580603813.5968,-149.100494554607
3.85228909942589,-131.720817825909,1608160871.23742,10.9173272446018
-77.624091266858,123.908177935485,1595837068.34439,-4.32542999347322
-62.3193726919304,-65.9556908426308,1602253274.63058,46.2661446111356
-66.6346560716297,-178.649534412656,1597487508.75379,-124.553389312833
9.49277719334508,-57.5920478296594,1599966120.31095,-159.902137828081
-2.24024093943466,-81.6747657000472,1584166360.14065,86.0296127624853
53.1680054624737,31.7776446674583,1598140605.81277,-150.304951759935
78.697574289284,-45.4867217572024,1608939183.58809,-69.1039352256422
-34.2212371758931,6.16808273677319,1580959483.73671,-117.792757262799
-9.67330400666614,-92.2813335793858,1596227805.71562,-40.6788688987399
-81.6714810516946,-141.846398025763,1602211666.8728,31.5283367201998
-46.2446173954479,-106.830972642109,1602465340.01008,31.4247524439236
6.24888763639967,29.4506993951192,1606684359.07878,96.2952937215557
-53.0681752167995,-114.893996560036,1590178027.46998,145.84059642962
39.4197694159552,4.14567704821872,1609086273.37419,132.488854755531
14.8751368089712,31.4484382278562,1599024266.82969,124.690913700851
77.0854869763535,40.1450821056185,1608981284.87864,33.7134340011584
17.1004458136036,77.5036658519977,1586922932.97123,-92.2301757307364
24.6554817465448,-8.88237195663604,1593333685.87847,-92.804032575683
-71.5034361429262,-99.1674459050135,1584890402.50389,161.520835612339
77.1894642422432,119.095557907299,1609181062.23381,103.145937283719
